id;insee;zip;name;slug;latitude;longitude;departments_id;departments_code;departments_name;departments_slug;regions_id;code;regions_name;regions_slug
10789;2A001          ;20167          ;Afa                     ;afa                     ;41.984764060606;8.7976021212121;29;2A             ;Cor;cor;18;94             ;Corse               ;corse               
10790;2A004          ;20000          ;Ajaccio                 ;ajaccio                 ;41.9184889     ;8.6710603      ;29;2A             ;Cor;cor;18;94             ;Corse               ;corse               
10791;2A004          ;20090          ;Ajaccio                 ;ajaccio                 ;41.9393447     ;8.7205877      ;29;2A             ;Cor;cor;18;94             ;Corse               ;corse               
10792;2A004          ;20167          ;Ajaccio                 ;ajaccio                 ;41.9961268     ;8.8142264      ;29;2A             ;Cor;cor;18;94             ;Corse               ;corse               
10793;2A006          ;20167          ;Alata                   ;alata                   ;41.969626607143;8.7323204761905;29;2A             ;Cor;cor;18;94             ;Corse               ;corse               
10794;2A008          ;20128          ;Albitreccia             ;albitreccia             ;41.8587106     ;8.9355737      ;29;2A             ;Cor;cor;18;94             ;Corse               ;corse               
10795;2A008          ;20166          ;Albitreccia             ;albitreccia             ;41.8295314     ;8.8032042      ;29;2A             ;Cor;cor;18;94             ;Corse               ;corse               
10796;2A011          ;20112          ;Altagène                ;altagene                ;41.708497211538;9.0702525      ;29;2A             ;Cor;cor;18;94             ;Corse               ;corse               
10797;2A014          ;20151          ;Ambiegna                ;ambiegna                ;42.087635298507;8.7731617164179;29;2A             ;Cor;cor;18;94             ;Corse               ;corse               
10798;2A017          ;20167          ;Appietto                ;appietto                ;41.999386102236;8.73972514377  ;29;2A             ;Cor;cor;18;94             ;Corse               ;corse               
10799;2A018          ;20110          ;Arbellara               ;arbellara               ;41.672327354839;8.9874358709677;29;2A             ;Cor;cor;18;94             ;Corse               ;corse               
10800;2A019          ;20160          ;Arbori                  ;arbori                  ;42.121649953704;8.7930940740741;29;2A             ;Cor;cor;18;94             ;Corse               ;corse               
10801;2A021          ;20140          ;Argiusta-Moriccio       ;argiusta moriccio       ;41.816449649123;9.0285892105263;29;2A             ;Cor;cor;18;94             ;Corse               ;corse               
10802;2A022          ;20151          ;Arro                    ;arro                    ;42.097513661972;8.8008548591549;29;2A             ;Cor;cor;18;94             ;Corse               ;corse               
10803;2A024          ;20116          ;Aullène                 ;aullene                 ;41.809982294372;9.096684025974 ;29;2A             ;Cor;cor;18;94             ;Corse               ;corse               
10804;2A026          ;20190          ;Azilone-Ampaza          ;azilone ampaza          ;41.869982123894;9.0160907079646;29;2A             ;Cor;cor;18;94             ;Corse               ;corse               
10805;2A027          ;20121          ;Azzana                  ;azzana                  ;42.11963248366 ;8.9301766666667;29;2A             ;Cor;cor;18;94             ;Corse               ;corse               
10806;2A028          ;20160          ;Balogna                 ;balogna                 ;42.185294968153;8.7578279617834;29;2A             ;Cor;cor;18;94             ;Corse               ;corse               
10807;2A031          ;20119          ;Bastelica               ;bastelica               ;41.981890542763;9.0441373026316;29;2A             ;Cor;cor;18;94             ;Corse               ;corse               
10808;2A032          ;20129          ;Bastelicaccia           ;bastelicaccia           ;41.930641785714;8.831075       ;29;2A             ;Cor;cor;18;94             ;Corse               ;corse               
10809;2A035          ;20110          ;Belvédère-Campomoro     ;belvedere campomoro     ;41.619489469809;8.81028179676  ;29;2A             ;Cor;cor;18;94             ;Corse               ;corse               
10810;2A038          ;20100          ;Bilia                   ;bilia                   ;41.622974473684;8.9044594736842;29;2A             ;Cor;cor;18;94             ;Corse               ;corse               
10811;2A040          ;20136          ;Bocognano               ;bocognano               ;42.081431342593;9.0675005092593;29;2A             ;Cor;cor;18;94             ;Corse               ;corse               
10812;2A041          ;20169          ;Bonifacio               ;bonifacio               ;41.403212383527;9.2043748044925;29;2A             ;Cor;cor;18;94             ;Corse               ;corse               
10813;2A048          ;20111          ;Calcatoggio             ;calcatoggio             ;42.027776797583;8.7206910876133;29;2A             ;Cor;cor;18;94             ;Corse               ;corse               
10814;2A056          ;20142          ;Campo                   ;campo                   ;41.889676166667;9.0029135      ;29;2A             ;Cor;cor;18;94             ;Corse               ;corse               
10815;2A060          ;20151          ;Cannelle                ;cannelle                ;42.049780932203;8.8116962711865;29;2A             ;Cor;cor;18;94             ;Corse               ;corse               
10816;2A061          ;20170          ;Carbini                 ;carbini                 ;41.675973111111;9.148916       ;29;2A             ;Cor;cor;18;94             ;Corse               ;corse               
10817;2A062          ;20133          ;Carbuccia               ;carbuccia               ;42.030773918919;8.9329845945946;29;2A             ;Cor;cor;18;94             ;Corse               ;corse               
10818;2A064          ;20190          ;Cardo-Torgia            ;cardo torgia            ;41.852834576271;8.9722977118644;29;2A             ;Cor;cor;18;94             ;Corse               ;corse               
10819;2A065          ;20130          ;Cargèse                 ;cargese                 ;42.153250150538;8.6081968602151;29;2A             ;Cor;cor;18;94             ;Corse               ;corse               
10820;2A066          ;20164          ;Cargiaca                ;cargiaca                ;41.727851969697;9.0417120454546;29;2A             ;Cor;cor;18;94             ;Corse               ;corse               
10821;2A070          ;20111          ;Casaglione              ;casaglione              ;42.068385260663;8.7594210900474;29;2A             ;Cor;cor;18;94             ;Corse               ;corse               
10822;2A071          ;20140          ;Casalabriva             ;casalabriva             ;41.759313722222;8.9163140555556;29;2A             ;Cor;cor;18;94             ;Corse               ;corse               
10823;2A085          ;20117          ;Cauro                   ;cauro                   ;41.90477381323 ;8.8850423346304;29;2A             ;Cor;cor;18;94             ;Corse               ;corse               
10824;2A089          ;20134          ;Ciamannacce             ;ciamannacce             ;41.968656126126;9.1359238288288;29;2A             ;Cor;cor;18;94             ;Corse               ;corse               
10825;2A090          ;20118          ;Coggia                  ;coggia                  ;42.1099758     ;8.7068269      ;29;2A             ;Cor;cor;18;94             ;Corse               ;corse               
10826;2A090          ;20160          ;Coggia                  ;coggia                  ;42.1101189     ;8.7371039      ;29;2A             ;Cor;cor;18;94             ;Corse               ;corse               
10827;2A091          ;20123          ;Cognocoli-Monticchi     ;cognocoli monticchi     ;41.828546      ;8.906139       ;29;2A             ;Cor;cor;18;94             ;Corse               ;corse               
10828;2A091          ;20166          ;Cognocoli-Monticchi     ;cognocoli monticchi     ;41.8295314     ;8.8032042      ;29;2A             ;Cor;cor;18;94             ;Corse               ;corse               
10829;2A092          ;20135          ;Conca                   ;conca                   ;41.746160650685;9.3607993150685;29;2A             ;Cor;cor;18;94             ;Corse               ;corse               
10830;2A094          ;20168          ;Corrano                 ;corrano                 ;41.883039788732;9.065940915493 ;29;2A             ;Cor;cor;18;94             ;Corse               ;corse               
10831;2A098          ;20138          ;Coti-Chiavari           ;coti chiavari           ;41.767216497623;8.7320983042789;29;2A             ;Cor;cor;18;94             ;Corse               ;corse               
10832;2A099          ;20148          ;Cozzano                 ;cozzano                 ;41.932509457364;9.1819559689923;29;2A             ;Cor;cor;18;94             ;Corse               ;corse               
10833;2A100          ;20126          ;Cristinacce             ;cristinacce             ;42.243952307692;8.8520926153846;29;2A             ;Cor;cor;18;94             ;Corse               ;corse               
10834;2A103          ;20167          ;Cuttoli-Corticchiato    ;cuttoli corticchiato    ;41.977704278607;8.8844070149254;29;2A             ;Cor;cor;18;94             ;Corse               ;corse               
10835;2A104          ;20117          ;Eccica-Suarella         ;eccica suarella         ;41.922593592233;8.898120631068 ;29;2A             ;Cor;cor;18;94             ;Corse               ;corse               
10836;2A108          ;20126          ;Évisa                   ;evisa                   ;42.285619487179;8.8157691346154;29;2A             ;Cor;cor;18;94             ;Corse               ;corse               
10837;2A114          ;20114          ;Figari                  ;figari                  ;41.490758263773;9.1002068447412;29;2A             ;Cor;cor;18;94             ;Corse               ;corse               
10838;2A115          ;20100          ;Foce                    ;foce                    ;41.624408128655;9.0416730409357;29;2A             ;Cor;cor;18;94             ;Corse               ;corse               
10839;2A117          ;20190          ;Forciolo                ;forciolo                ;41.848257377049;9.0110893442623;29;2A             ;Cor;cor;18;94             ;Corse               ;corse               
10840;2A118          ;20143          ;Fozzano                 ;fozzano                 ;41.696397854251;8.9867910526316;29;2A             ;Cor;cor;18;94             ;Corse               ;corse               
10841;2A119          ;20157          ;Frasseto                ;frasseto                ;41.918476010101;9.0377217171717;29;2A             ;Cor;cor;18;94             ;Corse               ;corse               
10842;2A127          ;20100          ;Giuncheto               ;giuncheto               ;41.586281929825;8.9550145614035;29;2A             ;Cor;cor;18;94             ;Corse               ;corse               
10843;2A128          ;20100          ;Granace                 ;granace                 ;41.641142289157;9.0121161445783;29;2A             ;Cor;cor;18;94             ;Corse               ;corse               
10844;2A129          ;20100          ;Grossa                  ;grossa                  ;41.600826787879;8.8585274545455;29;2A             ;Cor;cor;18;94             ;Corse               ;corse               
10845;2A130          ;20128          ;Grosseto-Prugna         ;grosseto prugna         ;41.8587106     ;8.9355737      ;29;2A             ;Cor;cor;18;94             ;Corse               ;corse               
10846;2A130          ;20166          ;Grosseto-Prugna         ;grosseto prugna         ;41.8295314     ;8.8032042      ;29;2A             ;Cor;cor;18;94             ;Corse               ;corse               
10847;2A131          ;20160          ;Guagno                  ;guagno                  ;42.174291833333;8.97461        ;29;2A             ;Cor;cor;18;94             ;Corse               ;corse               
10848;2A132          ;20128          ;Guargualé               ;guarguale               ;41.827090245399;8.9290809202454;29;2A             ;Cor;cor;18;94             ;Corse               ;corse               
10849;2A133          ;20153          ;Guitera-les-Bains       ;guitera les bains       ;41.926080707965;9.0770982743363;29;2A             ;Cor;cor;18;94             ;Corse               ;corse               
10850;2A139          ;20137          ;Lecci                   ;lecci                   ;41.648945173611;9.3197803819445;29;2A             ;Cor;cor;18;94             ;Corse               ;corse               
10851;2A141          ;20160          ;Letia                   ;letia                   ;42.210316681818;8.8708739545455;29;2A             ;Cor;cor;18;94             ;Corse               ;corse               
10852;2A142          ;20170          ;Levie                   ;levie                   ;41.666235585586;9.1132569369369;29;2A             ;Cor;cor;18;94             ;Corse               ;corse               
10853;2A144          ;20139          ;Lopigna                 ;lopigna                 ;42.090337692308;8.8514092857143;29;2A             ;Cor;cor;18;94             ;Corse               ;corse               
10854;2A146          ;20165          ;Loreto-di-Tallano       ;loreto di tallano       ;41.701173529412;9.0332331617647;29;2A             ;Cor;cor;18;94             ;Corse               ;corse               
10855;2A154          ;20141          ;Marignana               ;marignana               ;42.213440813953;8.7259667732558;29;2A             ;Cor;cor;18;94             ;Corse               ;corse               
10856;2A158          ;20112          ;Mela                    ;mela                    ;41.684358867925;9.0941021698113;29;2A             ;Cor;cor;18;94             ;Corse               ;corse               
10857;2A160          ;20140          ;Moca-Croce              ;moca croce              ;41.790627179487;8.9990146153846;29;2A             ;Cor;cor;18;94             ;Corse               ;corse               
10858;2A163          ;20171          ;Monacia-d'Aullène       ;monacia d aullene       ;41.508461726619;8.9956472901679;29;2A             ;Cor;cor;18;94             ;Corse               ;corse               
10859;2A174          ;20160          ;Murzo                   ;murzo                   ;42.155108456376;8.8454140268456;29;2A             ;Cor;cor;18;94             ;Corse               ;corse               
10860;2A181          ;20117          ;Ocana                   ;ocana                   ;41.950905      ;8.9103139247312;29;2A             ;Cor;cor;18;94             ;Corse               ;corse               
10861;2A186          ;20140          ;Olivese                 ;olivese                 ;41.839979757576;9.0693527878788;29;2A             ;Cor;cor;18;94             ;Corse               ;corse               
10862;2A189          ;20113          ;Olmeto                  ;olmeto                  ;41.711415537459;8.8960856351791;29;2A             ;Cor;cor;18;94             ;Corse               ;corse               
10863;2A191          ;20112          ;Olmiccia                ;olmiccia                ;41.672000373832;9.0359715420561;29;2A             ;Cor;cor;18;94             ;Corse               ;corse               
10864;2A196          ;20125          ;Orto                    ;orto                    ;42.194904709302;8.9537466860465;29;2A             ;Cor;cor;18;94             ;Corse               ;corse               
10865;2A197          ;20147          ;Osani                   ;osani                   ;42.344722295455;8.5926530454545;29;2A             ;Cor;cor;18;94             ;Corse               ;corse               
10866;2A198          ;20150          ;Ota                     ;ota                     ;42.256335806452;8.7310296313364;29;2A             ;Cor;cor;18;94             ;Corse               ;corse               
10867;2A200          ;20134          ;Palneca                 ;palneca                 ;41.991675238095;9.1842661904762;29;2A             ;Cor;cor;18;94             ;Corse               ;corse               
10868;2A203          ;20147          ;Partinello              ;partinello              ;42.313596428571;8.6867777678571;29;2A             ;Cor;cor;18;94             ;Corse               ;corse               
10869;2A204          ;20121          ;Pastricciola            ;pastricciola            ;42.146258596491;9.0062097076023;29;2A             ;Cor;cor;18;94             ;Corse               ;corse               
10870;2A209          ;20167          ;Peri                    ;peri                    ;42.002968151261;8.9009185294118;29;2A             ;Cor;cor;18;94             ;Corse               ;corse               
10871;2A211          ;20140          ;Petreto-Bicchisano      ;petreto bicchisano      ;41.777799961089;8.9683752529183;29;2A             ;Cor;cor;18;94             ;Corse               ;corse               
10872;2A212          ;20115          ;Piana                   ;piana                   ;42.228429234528;8.6028608794788;29;2A             ;Cor;cor;18;94             ;Corse               ;corse               
10873;2A215          ;20131          ;Pianottoli-Caldarello   ;pianottoli caldarello   ;41.493054974705;9.0441329342327;29;2A             ;Cor;cor;18;94             ;Corse               ;corse               
10874;2A228          ;20166          ;Pietrosella             ;pietrosella             ;41.834112142857;8.7998051714286;29;2A             ;Cor;cor;18;94             ;Corse               ;corse               
10875;2A232          ;20123          ;Pila-Canale             ;pila canale             ;41.790409945946;8.8943363243243;29;2A             ;Cor;cor;18;94             ;Corse               ;corse               
10876;2A240          ;20125          ;Poggiolo                ;poggiolo                ;42.176225      ;8.908917       ;29;2A             ;Cor;cor;18;94             ;Corse               ;corse               
10877;2A240          ;20160          ;Poggiolo                ;poggiolo                ;42.176225      ;8.908917       ;29;2A             ;Cor;cor;18;94             ;Corse               ;corse               
10878;2A247          ;20137          ;Porto-Vecchio           ;porto vecchio           ;41.566230466667;9.299950275    ;29;2A             ;Cor;cor;18;94             ;Corse               ;corse               
10879;2A249          ;20110          ;Propriano               ;propriano               ;41.657131009615;8.8954650961538;29;2A             ;Cor;cor;18;94             ;Corse               ;corse               
10880;2A253          ;20142          ;Quasquara               ;quasquara               ;41.910430447761;9.0073247761194;29;2A             ;Cor;cor;18;94             ;Corse               ;corse               
10881;2A254          ;20122          ;Quenza                  ;quenza                  ;41.797713682796;9.1937723655914;29;2A             ;Cor;cor;18;94             ;Corse               ;corse               
10882;2A258          ;20160          ;Renno                   ;renno                   ;42.203435      ;8.8182433333333;29;2A             ;Cor;cor;18;94             ;Corse               ;corse               
10883;2A259          ;20121          ;Rezza                   ;rezza                   ;42.127868230769;8.9516535384615;29;2A             ;Cor;cor;18;94             ;Corse               ;corse               
10884;2A262          ;20121          ;Rosazia                 ;rosazia                 ;42.124800875   ;8.859526625    ;29;2A             ;Cor;cor;18;94             ;Corse               ;corse               
10885;2A266          ;20121          ;Salice                  ;salice                  ;42.103603372781;8.9000501183432;29;2A             ;Cor;cor;18;94             ;Corse               ;corse               
10886;2A268          ;20134          ;Sampolo                 ;sampolo                 ;41.944902698413;9.1199826190476;29;2A             ;Cor;cor;18;94             ;Corse               ;corse               
10887;2A269          ;20145          ;Sari-Solenzara          ;sari solenzara          ;41.826887327586;9.3776385632184;29;2A             ;Cor;cor;18;94             ;Corse               ;corse               
10888;2A270          ;20151          ;Sari-d'Orcino           ;sari d orcino           ;42.065372227074;8.8271751965066;29;2A             ;Cor;cor;18;94             ;Corse               ;corse               
10889;2A271          ;20167          ;Sarrola-Carcopino       ;sarrola carcopino       ;41.998801549296;8.832360528169 ;29;2A             ;Cor;cor;18;94             ;Corse               ;corse               
10890;2A272          ;20100          ;Sartène                 ;sartene                 ;41.568658461538;8.8961716581197;29;2A             ;Cor;cor;18;94             ;Corse               ;corse               
10891;2A276          ;20140          ;Serra-di-Ferro          ;serra di ferro          ;41.733813970223;8.8036096277916;29;2A             ;Cor;cor;18;94             ;Corse               ;corse               
10892;2A278          ;20127          ;Serra-di-Scopamène      ;serra di scopamene      ;41.777868823529;9.1106938655462;29;2A             ;Cor;cor;18;94             ;Corse               ;corse               
10893;2A279          ;20147          ;Serriera                ;serriera                ;42.309630263158;8.7255706842105;29;2A             ;Cor;cor;18;94             ;Corse               ;corse               
10894;2A282          ;20125          ;Soccia                  ;soccia                  ;42.207974508671;8.9244244508671;29;2A             ;Cor;cor;18;94             ;Corse               ;corse               
10895;2A284          ;20140          ;Sollacaro               ;sollacaro               ;41.739356523438;8.87607578125  ;29;2A             ;Cor;cor;18;94             ;Corse               ;corse               
10896;2A285          ;20152          ;Sorbollano              ;sorbollano              ;41.748140072993;9.1138445985401;29;2A             ;Cor;cor;18;94             ;Corse               ;corse               
10897;2A288          ;20146          ;Sotta                   ;sotta                   ;41.551049407666;9.1804705574913;29;2A             ;Cor;cor;18;94             ;Corse               ;corse               
10898;2A295          ;20151          ;Sant'Andréa-d'Orcino    ;sant andrea d orcino    ;42.049673975155;8.7792844720497;29;2A             ;Cor;cor;18;94             ;Corse               ;corse               
10899;2A300          ;20170          ;San-Gavino-di-Carbini   ;san gavino di carbini   ;41.686324318182;9.2273023181818;29;2A             ;Cor;cor;18;94             ;Corse               ;corse               
10900;2A308          ;20112          ;Sainte-Lucie-de-Tallano ;sainte lucie de tallano ;41.679679553265;9.0543267010309;29;2A             ;Cor;cor;18;94             ;Corse               ;corse               
10901;2A310          ;20143          ;Santa-Maria-Figaniella  ;santa maria figaniella  ;41.716358484848;9.0049168939394;29;2A             ;Cor;cor;18;94             ;Corse               ;corse               
10902;2A312          ;20190          ;Santa-Maria-Siché       ;santa maria siche       ;41.882693289474;8.9826280263158;29;2A             ;Cor;cor;18;94             ;Corse               ;corse               
10903;2A322          ;20134          ;Tasso                   ;tasso                   ;41.946014855491;9.0933477456647;29;2A             ;Cor;cor;18;94             ;Corse               ;corse               
10904;2A323          ;20167          ;Tavaco                  ;tavaco                  ;42.032001932773;8.8864333613445;29;2A             ;Cor;cor;18;94             ;Corse               ;corse               
10905;2A324          ;20163          ;Tavera                  ;tavera                  ;42.06752034965 ;9.0233895804196;29;2A             ;Cor;cor;18;94             ;Corse               ;corse               
10906;2A326          ;20117          ;Tolla                   ;tolla                   ;41.96445242915 ;8.9687963967611;29;2A             ;Cor;cor;18;94             ;Corse               ;corse               
10907;2A330          ;20133          ;Ucciani                 ;ucciani                 ;42.051861121951;8.9764019512195;29;2A             ;Cor;cor;18;94             ;Corse               ;corse               
10908;2A331          ;20128          ;Urbalacone              ;urbalacone              ;41.826377681159;8.9489751449275;29;2A             ;Cor;cor;18;94             ;Corse               ;corse               
10909;2A336          ;20167          ;Valle-di-Mezzana        ;valle di mezzana        ;42.021259594595;8.821937027027 ;29;2A             ;Cor;cor;18;94             ;Corse               ;corse               
10910;2A345          ;20172          ;Vero                    ;vero                    ;42.057098977273;8.9198810795454;29;2A             ;Cor;cor;18;94             ;Corse               ;corse               
10911;2A348          ;20118          ;Vico                    ;vico                    ;42.1099758     ;8.7068269      ;29;2A             ;Cor;cor;18;94             ;Corse               ;corse               
10912;2A348          ;20160          ;Vico                    ;vico                    ;42.166567      ;8.797796       ;29;2A             ;Cor;cor;18;94             ;Corse               ;corse               
10913;2A349          ;20110          ;Viggianello             ;viggianello             ;41.671887747253;8.9497774175824;29;2A             ;Cor;cor;18;94             ;Corse               ;corse               
10914;2A351          ;20167          ;Villanova               ;villanova               ;41.966025578231;8.6628753741497;29;2A             ;Cor;cor;18;94             ;Corse               ;corse               
10915;2A357          ;20116          ;Zérubia                 ;zerubia                 ;41.748135492958;9.065133943662 ;29;2A             ;Cor;cor;18;94             ;Corse               ;corse               
10916;2A358          ;20173          ;Zévaco                  ;zevaco                  ;41.889003179191;9.0479777456647;29;2A             ;Cor;cor;18;94             ;Corse               ;corse               
10917;2A359          ;20132          ;Zicavo                  ;zicavo                  ;41.888354213836;9.1542370440252;29;2A             ;Cor;cor;18;94             ;Corse               ;corse               
10918;2A360          ;20190          ;Zigliara                ;zigliara                ;41.836335478723;8.9846531914894;29;2A             ;Cor;cor;18;94             ;Corse               ;corse               
10919;2A362          ;20124          ;Zonza                   ;zonza                   ;41.7496078     ;9.171863       ;29;2A             ;Cor;cor;18;94             ;Corse               ;corse               
10920;2A362          ;20144          ;Zonza                   ;zonza                   ;41.6868954     ;9.3562094      ;29;2A             ;Cor;cor;18;94             ;Corse               ;corse               
10921;2A363          ;20112          ;Zoza                    ;zoza                    ;41.718257948718;9.0648342307692;29;2A             ;Cor;cor;18;94             ;Corse               ;corse               
10922;2B002          ;20270          ;Aghione                 ;aghione                 ;42.107527884615;9.4045619230769;30;2B             ;Hau;hau;18;94             ;Corse               ;corse               
10923;2B003          ;20244          ;Aiti                    ;aiti                    ;42.403255607477;9.2304625233645;30;2B             ;Hau;hau;18;94             ;Corse               ;corse               
10924;2B005          ;20212          ;Alando                  ;alando                  ;42.309409047619;9.286448       ;30;2B             ;Hau;hau;18;94             ;Corse               ;corse               
10925;2B007          ;20224          ;Albertacce              ;albertacce              ;42.317509295302;8.9231531543624;30;2B             ;Hau;hau;18;94             ;Corse               ;corse               
10926;2B009          ;20270          ;Aléria                  ;aleria                  ;42.103479205607;9.4893758878505;30;2B             ;Hau;hau;18;94             ;Corse               ;corse               
10927;2B010          ;20220          ;Algajola                ;algajola                ;42.606024367816;8.8580766666667;30;2B             ;Hau;hau;18;94             ;Corse               ;corse               
10928;2B012          ;20251          ;Altiani                 ;altiani                 ;42.21891388535 ;9.2793536305733;30;2B             ;Hau;hau;18;94             ;Corse               ;corse               
10929;2B013          ;20212          ;Alzi                    ;alzi                    ;42.310726229508;9.3111447540984;30;2B             ;Hau;hau;18;94             ;Corse               ;corse               
10930;2B015          ;20272          ;Ampriani                ;ampriani                ;42.253506031746;9.3567961904762;30;2B             ;Hau;hau;18;94             ;Corse               ;corse               
10931;2B016          ;20270          ;Antisanti               ;antisanti               ;42.157213951049;9.3865288111888;30;2B             ;Hau;hau;18;94             ;Corse               ;corse               
10932;2B020          ;20220          ;Aregno                  ;aregno                  ;42.590490117647;8.8755675882353;30;2B             ;Hau;hau;18;94             ;Corse               ;corse               
10933;2B023          ;20276          ;Asco                    ;asco                    ;42.440323465909;9.0059596875   ;30;2B             ;Hau;hau;18;94             ;Corse               ;corse               
10934;2B025          ;20225          ;Avapessa                ;avapessa                ;42.560263780488;8.8942813414634;30;2B             ;Hau;hau;18;94             ;Corse               ;corse               
10935;2B029          ;20253          ;Barbaggio               ;barbaggio               ;42.688141      ;9.3648358181818;30;2B             ;Hau;hau;18;94             ;Corse               ;corse               
10936;2B030          ;20228          ;Barrettali              ;barrettali              ;42.87450080402 ;9.3523433668342;30;2B             ;Hau;hau;18;94             ;Corse               ;corse               
10937;2B033          ;20200          ;Bastia                  ;bastia                  ;42.7380984     ;9.4228263      ;30;2B             ;Hau;hau;18;94             ;Corse               ;corse               
10938;2B033          ;20600          ;Bastia                  ;bastia                  ;42.6605477     ;9.4228263      ;30;2B             ;Hau;hau;18;94             ;Corse               ;corse               
10939;2B034          ;20226          ;Belgodère               ;belgodere               ;42.604885065789;9.0172456578947;30;2B             ;Hau;hau;18;94             ;Corse               ;corse               
10940;2B036          ;20252          ;Bigorno                 ;bigorno                 ;42.528456382979;9.3003409574468;30;2B             ;Hau;hau;18;94             ;Corse               ;corse               
10941;2B037          ;20620          ;Biguglia                ;biguglia                ;42.615700189873;9.4239490506329;30;2B             ;Hau;hau;18;94             ;Corse               ;corse               
10942;2B039          ;20235          ;Bisinchi                ;bisinchi                ;42.489634831461;9.3187573033708;30;2B             ;Hau;hau;18;94             ;Corse               ;corse               
10943;2B042          ;20290          ;Borgo                   ;borgo                   ;42.573570948905;9.44184        ;30;2B             ;Hau;hau;18;94             ;Corse               ;corse               
10944;2B043          ;20222          ;Brando                  ;brando                  ;42.774623046358;9.4615994701987;30;2B             ;Hau;hau;18;94             ;Corse               ;corse               
10945;2B045          ;20212          ;Bustanico               ;bustanico               ;42.324822347826;9.3069388695652;30;2B             ;Hau;hau;18;94             ;Corse               ;corse               
10946;2B046          ;20228          ;Cagnano                 ;cagnano                 ;42.871830322581;9.454857016129 ;30;2B             ;Hau;hau;18;94             ;Corse               ;corse               
10947;2B047          ;20224          ;Calacuccia              ;calacuccia              ;42.329968866667;9.021679       ;30;2B             ;Hau;hau;18;94             ;Corse               ;corse               
10948;2B049          ;20214          ;Calenzana               ;calenzana               ;42.50754       ;8.8555569      ;30;2B             ;Hau;hau;18;94             ;Corse               ;corse               
10949;2B049          ;20260          ;Calenzana               ;calenzana               ;42.5368416     ;8.7811645      ;30;2B             ;Hau;hau;18;94             ;Corse               ;corse               
10950;2B050          ;20260          ;Calvi                   ;calvi                   ;42.559207679671;8.7398293429158;30;2B             ;Hau;hau;18;94             ;Corse               ;corse               
10951;2B051          ;20244          ;Cambia                  ;cambia                  ;42.369210756303;9.3008057983193;30;2B             ;Hau;hau;18;94             ;Corse               ;corse               
10952;2B052          ;20229          ;Campana                 ;campana                 ;42.388143333333;9.3431302777778;30;2B             ;Hau;hau;18;94             ;Corse               ;corse               
10953;2B053          ;20270          ;Campi                   ;campi                   ;42.267145882353;9.4212169117647;30;2B             ;Hau;hau;18;94             ;Corse               ;corse               
10954;2B054          ;20290          ;Campile                 ;campile                 ;42.494189266055;9.3561868807339;30;2B             ;Hau;hau;18;94             ;Corse               ;corse               
10955;2B055          ;20252          ;Campitello              ;campitello              ;42.526837878788;9.3245839393939;30;2B             ;Hau;hau;18;94             ;Corse               ;corse               
10956;2B057          ;20230          ;Canale-di-Verde         ;canale di verde         ;42.266553360656;9.4992641803279;30;2B             ;Hau;hau;18;94             ;Corse               ;corse               
10957;2B058          ;20217          ;Canari                  ;canari                  ;42.845486918239;9.340941509434 ;30;2B             ;Hau;hau;18;94             ;Corse               ;corse               
10958;2B059          ;20235          ;Canavaggia              ;canavaggia              ;42.502448315789;9.2309674210526;30;2B             ;Hau;hau;18;94             ;Corse               ;corse               
10959;2B063          ;20229          ;Carcheto-Brustico       ;carcheto brustico       ;42.356772021277;9.362795212766 ;30;2B             ;Hau;hau;18;94             ;Corse               ;corse               
10960;2B067          ;20229          ;Carpineto               ;carpineto               ;42.357160422535;9.380338028169 ;30;2B             ;Hau;hau;18;94             ;Corse               ;corse               
10961;2B068          ;20244          ;Carticasi               ;carticasi               ;42.3502275     ;9.30433375     ;30;2B             ;Hau;hau;18;94             ;Corse               ;corse               
10962;2B069          ;20237          ;Casabianca              ;casabianca              ;42.445614558824;9.3710283823529;30;2B             ;Hau;hau;18;94             ;Corse               ;corse               
10963;2B072          ;20215          ;Casalta                 ;casalta                 ;42.435640444444;9.4227787777778;30;2B             ;Hau;hau;18;94             ;Corse               ;corse               
10964;2B073          ;20224          ;Casamaccioli            ;casamaccioli            ;42.278277909091;8.9864348636364;30;2B             ;Hau;hau;18;94             ;Corse               ;corse               
10965;2B074          ;20250          ;Casanova                ;casanova                ;42.26116893617 ;9.1604862411348;30;2B             ;Hau;hau;18;94             ;Corse               ;corse               
10966;2B075          ;20270          ;Casevecchie             ;casevecchie             ;42.13424       ;9.3677128037383;30;2B             ;Hau;hau;18;94             ;Corse               ;corse               
10967;2B077          ;20213          ;Castellare-di-Casinca   ;castellare di casinca   ;42.467239361702;9.4910495744681;30;2B             ;Hau;hau;18;94             ;Corse               ;corse               
10968;2B078          ;20212          ;Castellare-di-Mercurio  ;castellare di mercurio  ;42.308266      ;9.24497525     ;30;2B             ;Hau;hau;18;94             ;Corse               ;corse               
10969;2B079          ;20235          ;Castello-di-Rostino     ;castello di rostino     ;42.475796979167;9.2958832291667;30;2B             ;Hau;hau;18;94             ;Corse               ;corse               
10970;2B080          ;20218          ;Castifao                ;castifao                ;42.525221241611;9.1353908389262;30;2B             ;Hau;hau;18;94             ;Corse               ;corse               
10971;2B081          ;20218          ;Castiglione             ;castiglione             ;42.408301594203;9.1206073188406;30;2B             ;Hau;hau;18;94             ;Corse               ;corse               
10972;2B082          ;20218          ;Castineta               ;castineta               ;42.429494589041;9.2640010958904;30;2B             ;Hau;hau;18;94             ;Corse               ;corse               
10973;2B083          ;20236          ;Castirla                ;castirla                ;42.371621550802;9.1364319786096;30;2B             ;Hau;hau;18;94             ;Corse               ;corse               
10974;2B084          ;20225          ;Cateri                  ;cateri                  ;42.569230990991;8.8952861261261;30;2B             ;Hau;hau;18;94             ;Corse               ;corse               
10975;2B086          ;20238          ;Centuri                 ;centuri                 ;42.971551755725;9.353567302799 ;30;2B             ;Hau;hau;18;94             ;Corse               ;corse               
10976;2B087          ;20221          ;Cervione                ;cervione                ;42.323063680982;9.5068514110429;30;2B             ;Hau;hau;18;94             ;Corse               ;corse               
10977;2B088          ;20230          ;Chiatra                 ;chiatra                 ;42.288959262295;9.4903326229508;30;2B             ;Hau;hau;18;94             ;Corse               ;corse               
10978;2B093          ;20220          ;Corbara                 ;corbara                 ;42.615508      ;8.907482       ;30;2B             ;Hau;hau;18;94             ;Corse               ;corse               
10979;2B093          ;20256          ;Corbara                 ;corbara                 ;42.6194115     ;8.9079782      ;30;2B             ;Hau;hau;18;94             ;Corse               ;corse               
10980;2B095          ;20224          ;Corscia                 ;corscia                 ;42.370952472325;9.0501764206642;30;2B             ;Hau;hau;18;94             ;Corse               ;corse               
10981;2B096          ;20250          ;Corte                   ;corte                   ;42.273383367983;9.0857598544699;30;2B             ;Hau;hau;18;94             ;Corse               ;corse               
10982;2B097          ;20226          ;Costa                   ;costa                   ;42.57452125    ;8.9973915      ;30;2B             ;Hau;hau;18;94             ;Corse               ;corse               
10983;2B101          ;20237          ;Croce                   ;croce                   ;42.405878      ;9.3640255238095;30;2B             ;Hau;hau;18;94             ;Corse               ;corse               
10984;2B102          ;20290          ;Crocicchia              ;crocicchia              ;42.475206831683;9.353534950495 ;30;2B             ;Hau;hau;18;94             ;Corse               ;corse               
10985;2B105          ;20212          ;Erbajolo                ;erbajolo                ;42.252073040541;9.2668181081081;30;2B             ;Hau;hau;18;94             ;Corse               ;corse               
10986;2B106          ;20244          ;Érone                   ;erone                   ;42.375754487179;9.2702566666667;30;2B             ;Hau;hau;18;94             ;Corse               ;corse               
10987;2B107          ;20275          ;Ersa                    ;ersa                    ;42.994965568627;9.3774941568627;30;2B             ;Hau;hau;18;94             ;Corse               ;corse               
10988;2B109          ;20253          ;Farinole                ;farinole                ;42.730769448819;9.3543281889764;30;2B             ;Hau;hau;18;94             ;Corse               ;corse               
10989;2B110          ;20212          ;Favalello               ;favalello               ;42.289336850394;9.2525918897638;30;2B             ;Hau;hau;18;94             ;Corse               ;corse               
10990;2B111          ;20234          ;Felce                   ;felce                   ;42.343443625   ;9.42194225     ;30;2B             ;Hau;hau;18;94             ;Corse               ;corse               
10991;2B112          ;20225          ;Feliceto                ;feliceto                ;42.55286675    ;8.9405582      ;30;2B             ;Hau;hau;18;94             ;Corse               ;corse               
10992;2B113          ;20237          ;Ficaja                  ;ficaja                  ;42.420682717391;9.3782232608696;30;2B             ;Hau;hau;18;94             ;Corse               ;corse               
10993;2B116          ;20212          ;Focicchia               ;focicchia               ;42.246773863636;9.2857207575758;30;2B             ;Hau;hau;18;94             ;Corse               ;corse               
10994;2B120          ;20600          ;Furiani                 ;furiani                 ;42.651312314815;9.4186262962963;30;2B             ;Hau;hau;18;94             ;Corse               ;corse               
10995;2B121          ;20245          ;Galéria                 ;galeria                 ;42.410646826801;8.6745967635904;30;2B             ;Hau;hau;18;94             ;Corse               ;corse               
10996;2B122          ;20218          ;Gavignano               ;gavignano               ;42.425976666667;9.249797716895 ;30;2B             ;Hau;hau;18;94             ;Corse               ;corse               
10997;2B123          ;20240          ;Ghisonaccia             ;ghisonaccia             ;42.050024551495;9.4118451495017;30;2B             ;Hau;hau;18;94             ;Corse               ;corse               
10998;2B124          ;20227          ;Ghisoni                 ;ghisoni                 ;42.089812782875;9.225079266055 ;30;2B             ;Hau;hau;18;94             ;Corse               ;corse               
10999;2B125          ;20237          ;Giocatojo               ;giocatojo               ;42.443426851852;9.3456075925926;30;2B             ;Hau;hau;18;94             ;Corse               ;corse               
11000;2B126          ;20251          ;Giuncaggio              ;giuncaggio              ;42.185044007782;9.3918784046693;30;2B             ;Hau;hau;18;94             ;Corse               ;corse               
11001;2B134          ;20220          ;L'Île-Rousse            ;l ile rousse            ;42.637195345912;8.934462327044 ;30;2B             ;Hau;hau;18;94             ;Corse               ;corse               
11002;2B135          ;20243          ;Isolaccio-di-Fiumorbo   ;isolaccio di fiumorbo   ;42.011689043478;9.2810548695652;30;2B             ;Hau;hau;18;94             ;Corse               ;corse               
11003;2B136          ;20218          ;Lama                    ;lama                    ;42.579865354331;9.1644417322835;30;2B             ;Hau;hau;18;94             ;Corse               ;corse               
11004;2B137          ;20244          ;Lano                    ;lano                    ;42.382694786325;9.2315861538462;30;2B             ;Hau;hau;18;94             ;Corse               ;corse               
11005;2B138          ;20225          ;Lavatoggio              ;lavatoggio              ;42.574189366197;8.8632770422535;30;2B             ;Hau;hau;18;94             ;Corse               ;corse               
11006;2B140          ;20252          ;Lento                   ;lento                   ;42.524761554404;9.2690427979275;30;2B             ;Hau;hau;18;94             ;Corse               ;corse               
11007;2B143          ;20230          ;Linguizzetta            ;linguizzetta            ;42.208248682432;9.5015880405405;30;2B             ;Hau;hau;18;94             ;Corse               ;corse               
11008;2B145          ;20215          ;Loreto-di-Casinca       ;loreto di casinca       ;42.47625875    ;9.4291018055556;30;2B             ;Hau;hau;18;94             ;Corse               ;corse               
11009;2B147          ;20224          ;Lozzi                   ;lozzi                   ;42.357436242038;8.9862931210191;30;2B             ;Hau;hau;18;94             ;Corse               ;corse               
11010;2B148          ;20290          ;Lucciana                ;lucciana                ;42.536663193717;9.4668253403141;30;2B             ;Hau;hau;18;94             ;Corse               ;corse               
11011;2B149          ;20240          ;Lugo-di-Nazza           ;lugo di nazza           ;42.076984967742;9.3300693548387;30;2B             ;Hau;hau;18;94             ;Corse               ;corse               
11012;2B150          ;20260          ;Lumio                   ;lumio                   ;42.589071936274;8.8208479901961;30;2B             ;Hau;hau;18;94             ;Corse               ;corse               
11013;2B152          ;20228          ;Luri                    ;luri                    ;42.891788971429;9.4211635428571;30;2B             ;Hau;hau;18;94             ;Corse               ;corse               
11014;2B153          ;20245          ;Manso                   ;manso                   ;42.369854985673;8.8046501146132;30;2B             ;Hau;hau;18;94             ;Corse               ;corse               
11015;2B155          ;20270          ;Matra                   ;matra                   ;42.279254411765;9.3874555882353;30;2B             ;Hau;hau;18;94             ;Corse               ;corse               
11016;2B156          ;20259          ;Mausoléo                ;mausoleo                ;42.500497651515;8.9764975757576;30;2B             ;Hau;hau;18;94             ;Corse               ;corse               
11017;2B157          ;20212          ;Mazzola                 ;mazzola                 ;42.306151      ;9.3245062      ;30;2B             ;Hau;hau;18;94             ;Corse               ;corse               
11018;2B159          ;20287          ;Meria                   ;meria                   ;42.920364296875;9.44551703125  ;30;2B             ;Hau;hau;18;94             ;Corse               ;corse               
11019;2B161          ;20270          ;Moïta                   ;moita                   ;42.281423684211;9.4091036842105;30;2B             ;Hau;hau;18;94             ;Corse               ;corse               
11020;2B162          ;20218          ;Moltifao                ;moltifao                ;42.480460342466;9.1189848972603;30;2B             ;Hau;hau;18;94             ;Corse               ;corse               
11021;2B164          ;20229          ;Monacia-d'Orezza        ;monacia d orezza        ;42.381040581395;9.40465        ;30;2B             ;Hau;hau;18;94             ;Corse               ;corse               
11022;2B165          ;20214          ;Moncale                 ;moncale                 ;42.506288958333;8.8241767708333;30;2B             ;Hau;hau;18;94             ;Corse               ;corse               
11023;2B166          ;20290          ;Monte                   ;monte                   ;42.492595188679;9.4120410849057;30;2B             ;Hau;hau;18;94             ;Corse               ;corse               
11024;2B167          ;20214          ;Montegrosso             ;montegrosso             ;42.545269812207;8.8607603755868;30;2B             ;Hau;hau;18;94             ;Corse               ;corse               
11025;2B168          ;20220          ;Monticello              ;monticello              ;42.625500509554;8.9615816560509;30;2B             ;Hau;hau;18;94             ;Corse               ;corse               
11026;2B169          ;20218          ;Morosaglia              ;morosaglia              ;42.450614529915;9.2457427777778;30;2B             ;Hau;hau;18;94             ;Corse               ;corse               
11027;2B170          ;20238          ;Morsiglia               ;morsiglia               ;42.942121239669;9.3637658677686;30;2B             ;Hau;hau;18;94             ;Corse               ;corse               
11028;2B171          ;20219          ;Muracciole              ;muracciole              ;42.174304137931;9.1864592241379;30;2B             ;Hau;hau;18;94             ;Corse               ;corse               
11029;2B172          ;20239          ;Murato                  ;murato                  ;42.571413072626;9.3222330726257;30;2B             ;Hau;hau;18;94             ;Corse               ;corse               
11030;2B173          ;20225          ;Muro                    ;muro                    ;42.542536099291;8.9187904255319;30;2B             ;Hau;hau;18;94             ;Corse               ;corse               
11031;2B175          ;20225          ;Nessa                   ;nessa                   ;42.554015648148;8.9545598148148;30;2B             ;Hau;hau;18;94             ;Corse               ;corse               
11032;2B176          ;20229          ;Nocario                 ;nocario                 ;42.393574126984;9.3506371428571;30;2B             ;Hau;hau;18;94             ;Corse               ;corse               
11033;2B177          ;20242          ;Noceta                  ;noceta                  ;42.206053007519;9.2092269924812;30;2B             ;Hau;hau;18;94             ;Corse               ;corse               
11034;2B178          ;20217          ;Nonza                   ;nonza                   ;42.786568492063;9.3504028571429;30;2B             ;Hau;hau;18;94             ;Corse               ;corse               
11035;2B179          ;20234          ;Novale                  ;novale                  ;42.305536464646;9.4128508080808;30;2B             ;Hau;hau;18;94             ;Corse               ;corse               
11036;2B180          ;20226          ;Novella                 ;novella                 ;42.598667783251;9.1006322167488;30;2B             ;Hau;hau;18;94             ;Corse               ;corse               
11037;2B182          ;20226          ;Occhiatana              ;occhiatana              ;42.598807816092;9.0043720114942;30;2B             ;Hau;hau;18;94             ;Corse               ;corse               
11038;2B183          ;20217          ;Ogliastro               ;ogliastro               ;42.815219642857;9.3524117857143;30;2B             ;Hau;hau;18;94             ;Corse               ;corse               
11039;2B184          ;20217          ;Olcani                  ;olcani                  ;42.804337553191;9.3850864893617;30;2B             ;Hau;hau;18;94             ;Corse               ;corse               
11040;2B185          ;20232          ;Oletta                  ;oletta                  ;42.639085086957;9.347595173913 ;30;2B             ;Hau;hau;18;94             ;Corse               ;corse               
11041;2B187          ;20217          ;Olmeta-di-Capocorso     ;olmeta di capocorso     ;42.763430340136;9.3760959863946;30;2B             ;Hau;hau;18;94             ;Corse               ;corse               
11042;2B188          ;20232          ;Olmeta-di-Tuda          ;olmeta di tuda          ;42.611738535032;9.364901656051 ;30;2B             ;Hau;hau;18;94             ;Corse               ;corse               
11043;2B190          ;20259          ;Olmi-Cappella           ;olmi cappella           ;42.515428172589;9.013930786802 ;30;2B             ;Hau;hau;18;94             ;Corse               ;corse               
11044;2B192          ;20290          ;Olmo                    ;olmo                    ;42.501689083333;9.4140773333333;30;2B             ;Hau;hau;18;94             ;Corse               ;corse               
11045;2B193          ;20236          ;Omessa                  ;omessa                  ;42.379801878173;9.192512284264 ;30;2B             ;Hau;hau;18;94             ;Corse               ;corse               
11046;2B194          ;20234          ;Ortale                  ;ortale                  ;42.312027034483;9.4371545517241;30;2B             ;Hau;hau;18;94             ;Corse               ;corse               
11047;2B195          ;20290          ;Ortiporio               ;ortiporio               ;42.458726385542;9.3490053012048;30;2B             ;Hau;hau;18;94             ;Corse               ;corse               
11048;2B199          ;20226          ;Palasca                 ;palasca                 ;42.642324247312;9.0588852688172;30;2B             ;Hau;hau;18;94             ;Corse               ;corse               
11049;2B201          ;20251          ;Pancheraccia            ;pancheraccia            ;42.217847      ;9.371404       ;30;2B             ;Hau;hau;18;94             ;Corse               ;corse               
11050;2B201          ;20270          ;Pancheraccia            ;pancheraccia            ;42.217847      ;9.371404       ;30;2B             ;Hau;hau;18;94             ;Corse               ;corse               
11051;2B202          ;20229          ;Parata                  ;parata                  ;42.366595797101;9.4186536231884;30;2B             ;Hau;hau;18;94             ;Corse               ;corse               
11052;2B205          ;20253          ;Patrimonio              ;patrimonio              ;42.703921677019;9.3591201242236;30;2B             ;Hau;hau;18;94             ;Corse               ;corse               
11053;2B206          ;20290          ;Penta-Acquatella        ;penta acquatella        ;42.463733382353;9.3722092647059;30;2B             ;Hau;hau;18;94             ;Corse               ;corse               
11054;2B207          ;20213          ;Penta-di-Casinca        ;penta di casinca        ;42.456427095238;9.4857074285714;30;2B             ;Hau;hau;18;94             ;Corse               ;corse               
11055;2B208          ;20234          ;Perelli                 ;perelli                 ;42.318227378641;9.3932550485437;30;2B             ;Hau;hau;18;94             ;Corse               ;corse               
11056;2B210          ;20230          ;Pero-Casevecchie        ;pero casevecchie        ;42.417049883721;9.4646346511628;30;2B             ;Hau;hau;18;94             ;Corse               ;corse               
11057;2B213          ;20272          ;Pianello                ;pianello                ;42.296106422018;9.3599577981651;30;2B             ;Hau;hau;18;94             ;Corse               ;corse               
11058;2B214          ;20215          ;Piano                   ;piano                   ;42.43847578125 ;9.39862578125  ;30;2B             ;Hau;hau;18;94             ;Corse               ;corse               
11059;2B216          ;20234          ;Piazzali                ;piazzali                ;42.319704181818;9.404868       ;30;2B             ;Hau;hau;18;94             ;Corse               ;corse               
11060;2B217          ;20229          ;Piazzole                ;piazzole                ;42.39500875    ;9.4044026136364;30;2B             ;Hau;hau;18;94             ;Corse               ;corse               
11061;2B218          ;20251          ;Piedicorte-di-Gaggio    ;piedicorte di gaggio    ;42.216000327103;9.3242475233645;30;2B             ;Hau;hau;18;94             ;Corse               ;corse               
11062;2B219          ;20229          ;Piedicroce              ;piedicroce              ;42.38492392    ;9.37090552     ;30;2B             ;Hau;hau;18;94             ;Corse               ;corse               
11063;2B220          ;20218          ;Piedigriggio            ;piedigriggio            ;42.445322886598;9.1839195876289;30;2B             ;Hau;hau;18;94             ;Corse               ;corse               
11064;2B221          ;20229          ;Piedipartino            ;piedipartino            ;42.360520441176;9.3489097058824;30;2B             ;Hau;hau;18;94             ;Corse               ;corse               
11065;2B222          ;20229          ;Pie-d'Orezza            ;pie d orezza            ;42.374156125   ;9.33801225     ;30;2B             ;Hau;hau;18;94             ;Corse               ;corse               
11066;2B223          ;20218          ;Pietralba               ;pietralba               ;42.54210203125 ;9.1738725      ;30;2B             ;Hau;hau;18;94             ;Corse               ;corse               
11067;2B224          ;20233          ;Pietracorbara           ;pietracorbara           ;42.849524678899;9.4510410091743;30;2B             ;Hau;hau;18;94             ;Corse               ;corse               
11068;2B225          ;20230          ;Pietra-di-Verde         ;pietra di verde         ;42.293669732143;9.4427865178571;30;2B             ;Hau;hau;18;94             ;Corse               ;corse               
11069;2B226          ;20251          ;Pietraserena            ;pietraserena            ;42.234959918033;9.3567256557377;30;2B             ;Hau;hau;18;94             ;Corse               ;corse               
11070;2B227          ;20234          ;Pietricaggio            ;pietricaggio            ;42.329627088608;9.3804727848101;30;2B             ;Hau;hau;18;94             ;Corse               ;corse               
11071;2B229          ;20242          ;Pietroso                ;pietroso                ;42.126024830918;9.3104496135266;30;2B             ;Hau;hau;18;94             ;Corse               ;corse               
11072;2B230          ;20246          ;Piève                   ;pieve                   ;42.590500510204;9.2792695238095;30;2B             ;Hau;hau;18;94             ;Corse               ;corse               
11073;2B231          ;20220          ;Pigna                   ;pigna                   ;42.600047155963;8.9000359633028;30;2B             ;Hau;hau;18;94             ;Corse               ;corse               
11074;2B233          ;20228          ;Pino                    ;pino                    ;42.907701232877;9.3485153424658;30;2B             ;Hau;hau;18;94             ;Corse               ;corse               
11075;2B234          ;20234          ;Piobetta                ;piobetta                ;42.342845      ;9.3728073684211;30;2B             ;Hau;hau;18;94             ;Corse               ;corse               
11076;2B235          ;20259          ;Pioggiola               ;pioggiola               ;42.520534861111;8.9749518518519;30;2B             ;Hau;hau;18;94             ;Corse               ;corse               
11077;2B236          ;20240          ;Poggio-di-Nazza         ;poggio di nazza         ;42.047310365854;9.3086400609756;30;2B             ;Hau;hau;18;94             ;Corse               ;corse               
11078;2B238          ;20250          ;Poggio-di-Venaco        ;poggio di venaco        ;42.268986988636;9.2036693181818;30;2B             ;Hau;hau;18;94             ;Corse               ;corse               
11079;2B239          ;20232          ;Poggio-d'Oletta         ;poggio d oletta         ;42.648711666667;9.3630129824561;30;2B             ;Hau;hau;18;94             ;Corse               ;corse               
11080;2B241          ;20237          ;Poggio-Marinaccio       ;poggio marinaccio       ;42.436380520833;9.3549814583333;30;2B             ;Hau;hau;18;94             ;Corse               ;corse               
11081;2B242          ;20230          ;Poggio-Mezzana          ;poggio mezzana          ;42.400260866667;9.5055947333333;30;2B             ;Hau;hau;18;94             ;Corse               ;corse               
11082;2B243          ;20229          ;Polveroso               ;polveroso               ;42.401445454545;9.3644163636364;30;2B             ;Hau;hau;18;94             ;Corse               ;corse               
11083;2B244          ;20218          ;Popolasca               ;popolasca               ;42.433979358974;9.1398247435897;30;2B             ;Hau;hau;18;94             ;Corse               ;corse               
11084;2B245          ;20215          ;Porri                   ;porri                   ;42.44901313253 ;9.4467237349398;30;2B             ;Hau;hau;18;94             ;Corse               ;corse               
11085;2B246          ;20237          ;La Porta                ;la porta                ;42.428606756757;9.369383963964 ;30;2B             ;Hau;hau;18;94             ;Corse               ;corse               
11086;2B248          ;20218          ;Prato-di-Giovellina     ;prato di giovellina     ;42.415542121212;9.1662003030303;30;2B             ;Hau;hau;18;94             ;Corse               ;corse               
11087;2B250          ;20290          ;Prunelli-di-Casacconi   ;prunelli di casacconi   ;42.509768      ;9.4036707272727;30;2B             ;Hau;hau;18;94             ;Corse               ;corse               
11088;2B251          ;20243          ;Prunelli-di-Fiumorbo    ;prunelli di fiumorbo    ;42.006883173432;9.3663497047971;30;2B             ;Hau;hau;18;94             ;Corse               ;corse               
11089;2B252          ;20213          ;Pruno                   ;pruno                   ;42.426714067797;9.4497099152542;30;2B             ;Hau;hau;18;94             ;Corse               ;corse               
11090;2B255          ;20237          ;Quercitello             ;quercitello             ;42.431307628866;9.357266185567 ;30;2B             ;Hau;hau;18;94             ;Corse               ;corse               
11091;2B256          ;20229          ;Rapaggio                ;rapaggio                ;42.375490178571;9.38180375     ;30;2B             ;Hau;hau;18;94             ;Corse               ;corse               
11092;2B257          ;20246          ;Rapale                  ;rapale                  ;42.62236226087 ;9.2958727391304;30;2B             ;Hau;hau;18;94             ;Corse               ;corse               
11093;2B260          ;20250          ;Riventosa               ;riventosa               ;42.248256637168;9.2023825663717;30;2B             ;Hau;hau;18;94             ;Corse               ;corse               
11094;2B261          ;20247          ;Rogliano                ;rogliano                ;42.9744145     ;9.4283801      ;30;2B             ;Hau;hau;18;94             ;Corse               ;corse               
11095;2B261          ;20248          ;Rogliano                ;rogliano                ;42.9436379     ;9.4505993      ;30;2B             ;Hau;hau;18;94             ;Corse               ;corse               
11096;2B263          ;20242          ;Rospigliani             ;rospigliani             ;42.195176585366;9.2397474390244;30;2B             ;Hau;hau;18;94             ;Corse               ;corse               
11097;2B264          ;20244          ;Rusio                   ;rusio                   ;42.352546266667;9.260832       ;30;2B             ;Hau;hau;18;94             ;Corse               ;corse               
11098;2B265          ;20239          ;Rutali                  ;rutali                  ;42.585947101449;9.3809373913044;30;2B             ;Hau;hau;18;94             ;Corse               ;corse               
11099;2B267          ;20218          ;Saliceto                ;saliceto                ;42.413506701571;9.2551467539267;30;2B             ;Hau;hau;18;94             ;Corse               ;corse               
11100;2B273          ;20213          ;Scata                   ;scata                   ;42.423256557377;9.4040706557377;30;2B             ;Hau;hau;18;94             ;Corse               ;corse               
11101;2B274          ;20290          ;Scolca                  ;scolca                  ;42.53337675    ;9.37176575     ;30;2B             ;Hau;hau;18;94             ;Corse               ;corse               
11102;2B275          ;20212          ;Sermano                 ;sermano                 ;42.311399892473;9.2680255913978;30;2B             ;Hau;hau;18;94             ;Corse               ;corse               
11103;2B277          ;20243          ;Serra-di-Fiumorbo       ;serra di fiumorbo       ;41.970049779874;9.3320210062893;30;2B             ;Hau;hau;18;94             ;Corse               ;corse               
11104;2B280          ;20215          ;Silvareccio             ;silvareccio             ;42.452358615385;9.4222956923077;30;2B             ;Hau;hau;18;94             ;Corse               ;corse               
11105;2B281          ;20233          ;Sisco                   ;sisco                   ;42.811703411765;9.45414        ;30;2B             ;Hau;hau;18;94             ;Corse               ;corse               
11106;2B283          ;20240          ;Solaro                  ;solaro                  ;41.875407148014;9.3298059205776;30;2B             ;Hau;hau;18;94             ;Corse               ;corse               
11107;2B286          ;20213          ;Sorbo-Ocagnano          ;sorbo ocagnano          ;42.47804576    ;9.46884032     ;30;2B             ;Hau;hau;18;94             ;Corse               ;corse               
11108;2B287          ;20246          ;Sorio                   ;sorio                   ;42.579454727273;9.2509915454545;30;2B             ;Hau;hau;18;94             ;Corse               ;corse               
11109;2B289          ;20250          ;Soveria                 ;soveria                 ;42.350679608939;9.1481610614525;30;2B             ;Hau;hau;18;94             ;Corse               ;corse               
11110;2B290          ;20226          ;Speloncato              ;speloncato              ;42.574911436464;8.9694756353591;30;2B             ;Hau;hau;18;94             ;Corse               ;corse               
11111;2B291          ;20229          ;Stazzona                ;stazzona                ;42.378394854369;9.3736093203883;30;2B             ;Hau;hau;18;94             ;Corse               ;corse               
11112;2B292          ;20212          ;Sant'Andréa-di-Bozio    ;sant andrea di bozio    ;42.274938346457;9.2815455511811;30;2B             ;Hau;hau;18;94             ;Corse               ;corse               
11113;2B293          ;20221          ;Sant'Andréa-di-Cotone   ;sant andrea di cotone   ;42.316369808917;9.475395477707 ;30;2B             ;Hau;hau;18;94             ;Corse               ;corse               
11114;2B296          ;20220          ;Sant'Antonino           ;sant antonino           ;42.584092222222;8.908586969697 ;30;2B             ;Hau;hau;18;94             ;Corse               ;corse               
11115;2B297          ;20213          ;San-Damiano             ;san damiano             ;42.405167128713;9.4116246534653;30;2B             ;Hau;hau;18;94             ;Corse               ;corse               
11116;2B298          ;20217          ;Saint-Florent           ;saint florent           ;42.692027625698;9.2764023743017;30;2B             ;Hau;hau;18;94             ;Corse               ;corse               
11117;2B299          ;20213          ;San-Gavino-d'Ampugnani  ;san gavino d ampugnani  ;42.418710847458;9.4265357627119;30;2B             ;Hau;hau;18;94             ;Corse               ;corse               
11118;2B301          ;20246          ;San-Gavino-di-Tenda     ;san gavino di tenda     ;42.650940780142;9.1618931678487;30;2B             ;Hau;hau;18;94             ;Corse               ;corse               
11119;2B302          ;20230          ;San-Giovanni-di-Moriani ;san giovanni di moriani ;42.376816263736;9.4687266483516;30;2B             ;Hau;hau;18;94             ;Corse               ;corse               
11120;2B303          ;20230          ;San-Giuliano            ;san giuliano            ;42.29319921875 ;9.5151715625   ;30;2B             ;Hau;hau;18;94             ;Corse               ;corse               
11121;2B304          ;20244          ;San-Lorenzo             ;san lorenzo             ;42.388239328358;9.2900288059702;30;2B             ;Hau;hau;18;94             ;Corse               ;corse               
11122;2B305          ;20200          ;San-Martino-di-Lota     ;san martino di lota     ;42.732953809524;9.4391081746032;30;2B             ;Hau;hau;18;94             ;Corse               ;corse               
11123;2B306          ;20250          ;Santa-Lucia-di-Mercurio ;santa lucia di mercurio ;42.313533354839;9.2158761935484;30;2B             ;Hau;hau;18;94             ;Corse               ;corse               
11124;2B307          ;20230          ;Santa-Lucia-di-Moriani  ;santa lucia di moriani  ;42.382837622378;9.5037274825175;30;2B             ;Hau;hau;18;94             ;Corse               ;corse               
11125;2B309          ;20200          ;Santa-Maria-di-Lota     ;santa maria di lota     ;42.750139305556;9.4305167361111;30;2B             ;Hau;hau;18;94             ;Corse               ;corse               
11126;2B311          ;20221          ;Santa-Maria-Poggio      ;santa maria poggio      ;42.347493597122;9.5153743165468;30;2B             ;Hau;hau;18;94             ;Corse               ;corse               
11127;2B313          ;20230          ;San-Nicolao             ;san nicolao             ;42.369176614173;9.505532992126 ;30;2B             ;Hau;hau;18;94             ;Corse               ;corse               
11128;2B314          ;20217          ;Santo-Pietro-di-Tenda   ;santo pietro di tenda   ;42.7823216     ;9.3562094      ;30;2B             ;Hau;hau;18;94             ;Corse               ;corse               
11129;2B314          ;20246          ;Santo-Pietro-di-Tenda   ;santo pietro di tenda   ;42.6292502     ;9.2120593      ;30;2B             ;Hau;hau;18;94             ;Corse               ;corse               
11130;2B315          ;20250          ;Santo-Pietro-di-Venaco  ;santo pietro di venaco  ;42.244115705128;9.1826792948718;30;2B             ;Hau;hau;18;94             ;Corse               ;corse               
11131;2B316          ;20220          ;Santa-Reparata-di-Balagn;santa reparata di balagn;42.604508018018;8.9305313513514;30;2B             ;Hau;hau;18;94             ;Corse               ;corse               
11132;2B317          ;20230          ;Santa-Reparata-di-Morian;santa reparata di morian;42.350133804348;9.4591830434783;30;2B             ;Hau;hau;18;94             ;Corse               ;corse               
11133;2B318          ;20230          ;Taglio-Isolaccio        ;taglio isolaccio        ;42.434111707317;9.4987494512195;30;2B             ;Hau;hau;18;94             ;Corse               ;corse               
11134;2B319          ;20230          ;Talasani                ;talasani                ;42.41659775641 ;9.5050521153846;30;2B             ;Hau;hau;18;94             ;Corse               ;corse               
11135;2B320          ;20270          ;Tallone                 ;tallone                 ;42.194405788177;9.4627582758621;30;2B             ;Hau;hau;18;94             ;Corse               ;corse               
11136;2B321          ;20234          ;Tarrano                 ;tarrano                 ;42.343354712644;9.4028871264368;30;2B             ;Hau;hau;18;94             ;Corse               ;corse               
11137;2B327          ;20248          ;Tomino                  ;tomino                  ;42.947846419753;9.4503425925926;30;2B             ;Hau;hau;18;94             ;Corse               ;corse               
11138;2B328          ;20270          ;Tox                     ;tox                     ;42.238448172043;9.4496356989247;30;2B             ;Hau;hau;18;94             ;Corse               ;corse               
11139;2B329          ;20250          ;Tralonca                ;tralonca                ;42.339573146067;9.1901395505618;30;2B             ;Hau;hau;18;94             ;Corse               ;corse               
11140;2B332          ;20218          ;Urtaca                  ;urtaca                  ;42.626480294118;9.1413031176471;30;2B             ;Hau;hau;18;94             ;Corse               ;corse               
11141;2B333          ;20232          ;Vallecalle              ;vallecalle              ;42.599898230089;9.3343146902655;30;2B             ;Hau;hau;18;94             ;Corse               ;corse               
11142;2B334          ;20234          ;Valle-d'Alesani         ;valle d alesani         ;42.326122545455;9.4349418787879;30;2B             ;Hau;hau;18;94             ;Corse               ;corse               
11143;2B335          ;20221          ;Valle-di-Campoloro      ;valle di campoloro      ;42.335390769231;9.5109771153846;30;2B             ;Hau;hau;18;94             ;Corse               ;corse               
11144;2B337          ;20235          ;Valle-di-Rostino        ;valle di rostino        ;42.459714615385;9.2569774358974;30;2B             ;Hau;hau;18;94             ;Corse               ;corse               
11145;2B338          ;20229          ;Valle-d'Orezza          ;valle d orezza          ;42.362034      ;9.4036154285714;30;2B             ;Hau;hau;18;94             ;Corse               ;corse               
11146;2B339          ;20259          ;Vallica                 ;vallica                 ;42.5127456     ;9.0517511      ;30;2B             ;Hau;hau;18;94             ;Corse               ;corse               
11147;2B340          ;20230          ;Velone-Orneto           ;velone orneto           ;42.389873117647;9.4591764117647;30;2B             ;Hau;hau;18;94             ;Corse               ;corse               
11148;2B341          ;20231          ;Venaco                  ;venaco                  ;42.216894466403;9.1502579051383;30;2B             ;Hau;hau;18;94             ;Corse               ;corse               
11149;2B342          ;20240          ;Ventiseri               ;ventiseri               ;41.937588901734;9.3574124855491;30;2B             ;Hau;hau;18;94             ;Corse               ;corse               
11150;2B343          ;20215          ;Venzolasca              ;venzolasca              ;42.495952945736;9.4770518604651;30;2B             ;Hau;hau;18;94             ;Corse               ;corse               
11151;2B344          ;20229          ;Verdèse                 ;verdese                 ;42.393806595745;9.3733363829787;30;2B             ;Hau;hau;18;94             ;Corse               ;corse               
11152;2B346          ;20215          ;Vescovato               ;vescovato               ;42.516794213483;9.4768034269663;30;2B             ;Hau;hau;18;94             ;Corse               ;corse               
11153;2B347          ;20242          ;Vezzani                 ;vezzani                 ;42.15400081571 ;9.2964810574018;30;2B             ;Hau;hau;18;94             ;Corse               ;corse               
11154;2B350          ;20290          ;Vignale                 ;vignale                 ;42.532346785714;9.4040904761905;30;2B             ;Hau;hau;18;94             ;Corse               ;corse               
11155;2B352          ;20279          ;Ville-di-Paraso         ;ville di paraso         ;42.582793161765;8.9888525      ;30;2B             ;Hau;hau;18;94             ;Corse               ;corse               
11156;2B353          ;20200          ;Ville-di-Pietrabugno    ;ville di pietrabugno    ;42.714527419355;9.4311499193548;30;2B             ;Hau;hau;18;94             ;Corse               ;corse               
11157;2B354          ;20219          ;Vivario                 ;vivario                 ;42.154397443946;9.1233626008969;30;2B             ;Hau;hau;18;94             ;Corse               ;corse               
11158;2B355          ;20290          ;Volpajola               ;volpajola               ;42.517480736842;9.3734535789474;30;2B             ;Hau;hau;18;94             ;Corse               ;corse               
11159;2B356          ;20272          ;Zalana                  ;zalana                  ;42.254020285714;9.3798570714286;30;2B             ;Hau;hau;18;94             ;Corse               ;corse               
11160;2B361          ;20214          ;Zilia                   ;zilia                   ;42.522736402439;8.8989840853659;30;2B             ;Hau;hau;18;94             ;Corse               ;corse               
11161;2B364          ;20272          ;Zuani                   ;zuani                   ;42.263282560976;9.3420968292683;30;2B             ;Hau;hau;18;94             ;Corse               ;corse               
11162;2B365          ;20243          ;San-Gavino-di-Fiumorbo  ;san gavino di fiumorbo  ;41.974328418605;9.2557407906977;30;2B             ;Hau;hau;18;94             ;Corse               ;corse               
11163;2B366          ;20240          ;Chisa                   ;chisa                   ;41.919355303867;9.2639279558011;30;2B             ;Hau;hau;18;94             ;Corse               ;corse               
35760;               ;97500          ;Miquelon-Langlade       ;miquelon langlade       ;46.96379525    ;-56.32621447056;102;975            ;Sai;sai;19;COM            ;Collectivités d'Outr;collectivites doutre
35761;               ;97500          ;Saint-Pierre            ;saint pierre            ;46.7774872     ;-56.1767706    ;102;975            ;Sai;sai;19;COM            ;Collectivités d'Outr;collectivites doutre
35762;               ;97133          ;Saint-Barthélemy        ;saint barthelemy        ;17.9036287     ;-62.81156884300;103;977            ;Sai;sai;19;COM            ;Collectivités d'Outr;collectivites doutre
35763;               ;97150          ;Saint-Martin            ;saint martin            ;18.06477605    ;-63.04921596152;104;978            ;Sai;sai;19;COM            ;Collectivités d'Outr;collectivites doutre
35764;               ;               ;Îles Saint-Paul et Nouve;iles saint paul et nouve;-37.8344793    ;77.554616105458;105;984            ;Ter;ter;19;COM            ;Collectivités d'Outr;collectivites doutre
35765;               ;               ;Archipel des Kerguelen  ;archipel des kerguelen  ;-49.23744195   ;69.622759036793;105;984            ;Ter;ter;19;COM            ;Collectivités d'Outr;collectivites doutre
35766;               ;               ;Archipel des Crozet     ;archipel des crozet     ;-46.4088091    ;51.0334374     ;105;984            ;Ter;ter;19;COM            ;Collectivités d'Outr;collectivites doutre
35767;               ;               ;La Terre-Adélie         ;la terre adelie         ;-69.1726389    ;138.960274     ;105;984            ;Ter;ter;19;COM            ;Collectivités d'Outr;collectivites doutre
35768;               ;               ;Îles Éparses de l'océan ;iles eparses de l ocean ;-21.49095335   ;39.688103701215;105;984            ;Ter;ter;19;COM            ;Collectivités d'Outr;collectivites doutre
35769;               ;               ;Alo                     ;alo                     ;9.52028        ;42.11          ;106;986            ;Wal;wal;19;COM            ;Collectivités d'Outr;collectivites doutre
35770;               ;               ;Wallis et Futuna        ;wallis et futuna        ;-13.8173324    ;-177.1489649   ;106;986            ;Wal;wal;19;COM            ;Collectivités d'Outr;collectivites doutre
35771;               ;               ;Uvea                    ;uvea                    ;-13.2544939    ;-176.2578265   ;106;986            ;Wal;wal;19;COM            ;Collectivités d'Outr;collectivites doutre
35772;               ;98760          ;Anaa                    ;anaa                    ;-16.9419074    ;-144.8646172482;107;987            ;Pol;pol;19;COM            ;Collectivités d'Outr;collectivites doutre
35773;               ;               ;Arue                    ;arue                    ;-17.5310837    ;-149.517568    ;107;987            ;Pol;pol;19;COM            ;Collectivités d'Outr;collectivites doutre
35774;               ;               ;Arutua                  ;arutua                  ;-15.52521455   ;-146.5268109833;107;987            ;Pol;pol;19;COM            ;Collectivités d'Outr;collectivites doutre
35775;               ;98730          ;Bora-Bora               ;bora bora               ;-16.5041692    ;-151.7366619868;107;987            ;Pol;pol;19;COM            ;Collectivités d'Outr;collectivites doutre
35776;               ;               ;Faaa                    ;faaa                    ;-17.582274     ;-149.5678029959;107;987            ;Pol;pol;19;COM            ;Collectivités d'Outr;collectivites doutre
35777;               ;               ;Fakarava                ;fakarava                ;-16.2926551    ;-145.6077681411;107;987            ;Pol;pol;19;COM            ;Collectivités d'Outr;collectivites doutre
35778;               ;               ;Fangatau                ;fangatau                ;-15.8209958    ;-140.8663896910;107;987            ;Pol;pol;19;COM            ;Collectivités d'Outr;collectivites doutre
35779;               ;               ;Fatu-Hiva               ;fatu hiva               ;-10.4862581    ;-138.6457573763;107;987            ;Pol;pol;19;COM            ;Collectivités d'Outr;collectivites doutre
35780;               ;               ;Gambier                 ;gambier                 ;-23.1571641    ;-134.9540922   ;107;987            ;Pol;pol;19;COM            ;Collectivités d'Outr;collectivites doutre
35781;               ;               ;Hao                     ;hao                     ;-18.2523103    ;-140.8898055779;107;987            ;Pol;pol;19;COM            ;Collectivités d'Outr;collectivites doutre
35782;               ;               ;Hikueru                 ;hikueru                 ;-17.6069335    ;-142.6071827129;107;987            ;Pol;pol;19;COM            ;Collectivités d'Outr;collectivites doutre
35783;               ;               ;Hitiaa O Te Ra          ;hitiaa o te ra          ;-17.59146725   ;-149.3832686724;107;987            ;Pol;pol;19;COM            ;Collectivités d'Outr;collectivites doutre
35784;               ;               ;Hiva-Oa                 ;hiva oa                 ;-9.77936775    ;-139.0064592035;107;987            ;Pol;pol;19;COM            ;Collectivités d'Outr;collectivites doutre
35785;               ;98731          ;Huahine                 ;huahine                 ;-16.7285089    ;-151.0134551331;107;987            ;Pol;pol;19;COM            ;Collectivités d'Outr;collectivites doutre
35786;               ;98709          ;Mahina                  ;mahina                  ;-17.5058578    ;-149.4873979   ;107;987            ;Pol;pol;19;COM            ;Collectivités d'Outr;collectivites doutre
35787;               ;               ;Makemo                  ;makemo                  ;-16.58841295   ;-143.6350271573;107;987            ;Pol;pol;19;COM            ;Collectivités d'Outr;collectivites doutre
35788;               ;               ;Manihi                  ;manihi                  ;-14.39678675   ;-145.8906780945;107;987            ;Pol;pol;19;COM            ;Collectivités d'Outr;collectivites doutre
35789;               ;98732          ;Maupiti                 ;maupiti                 ;-16.443877     ;-152.2567561   ;107;987            ;Pol;pol;19;COM            ;Collectivités d'Outr;collectivites doutre
35790;               ;98729          ;Moorea-Maiao            ;moorea maiao            ;-17.53326075   ;-149.8386247069;107;987            ;Pol;pol;19;COM            ;Collectivités d'Outr;collectivites doutre
35791;               ;               ;Napuka                  ;napuka                  ;-14.1696989    ;-141.1652095447;107;987            ;Pol;pol;19;COM            ;Collectivités d'Outr;collectivites doutre
35792;               ;               ;Nuku-Hiva               ;nuku hiva               ;-8.8734097     ;-140.1244828202;107;987            ;Pol;pol;19;COM            ;Collectivités d'Outr;collectivites doutre
35793;               ;               ;Nukutavake              ;nukutavake              ;-19.2769352    ;-138.8250424759;107;987            ;Pol;pol;19;COM            ;Collectivités d'Outr;collectivites doutre
35794;               ;               ;Paea                    ;paea                    ;-17.6988547    ;-149.5545374153;107;987            ;Pol;pol;19;COM            ;Collectivités d'Outr;collectivites doutre
35795;               ;               ;Papara                  ;papara                  ;-17.7611449    ;-149.504235    ;107;987            ;Pol;pol;19;COM            ;Collectivités d'Outr;collectivites doutre
35796;               ;               ;Papeete                 ;papeete                 ;-17.5384014    ;-149.5661868   ;107;987            ;Pol;pol;19;COM            ;Collectivités d'Outr;collectivites doutre
35797;               ;               ;Pirae                   ;pirae                   ;-17.5376926    ;-149.5420812   ;107;987            ;Pol;pol;19;COM            ;Collectivités d'Outr;collectivites doutre
35798;               ;               ;Pukapuka                ;pukapuka                ;-14.8187829    ;-138.8219972744;107;987            ;Pol;pol;19;COM            ;Collectivités d'Outr;collectivites doutre
35799;               ;               ;Punaauia                ;punaauia                ;-17.5929204    ;-149.6063669   ;107;987            ;Pol;pol;19;COM            ;Collectivités d'Outr;collectivites doutre
35800;               ;               ;Raivavae                ;raivavae                ;-23.86869275   ;-147.6436534877;107;987            ;Pol;pol;19;COM            ;Collectivités d'Outr;collectivites doutre
35801;               ;               ;Rangiroa                ;rangiroa                ;-15.1224461    ;-147.5462089595;107;987            ;Pol;pol;19;COM            ;Collectivités d'Outr;collectivites doutre
35802;               ;               ;Rapa                    ;rapa                    ;-27.6099638    ;-144.3413541268;107;987            ;Pol;pol;19;COM            ;Collectivités d'Outr;collectivites doutre
35803;               ;               ;Reao                    ;reao                    ;-18.5223364    ;-136.3779316614;107;987            ;Pol;pol;19;COM            ;Collectivités d'Outr;collectivites doutre
35804;               ;               ;Rimatara                ;rimatara                ;-22.6504839    ;-152.8066107131;107;987            ;Pol;pol;19;COM            ;Collectivités d'Outr;collectivites doutre
35805;               ;98753          ;Rurutu                  ;rurutu                  ;-22.47805395   ;-151.3371214356;107;987            ;Pol;pol;19;COM            ;Collectivités d'Outr;collectivites doutre
35806;               ;               ;Tahaa                   ;tahaa                   ;-16.63084745   ;-151.5039186527;107;987            ;Pol;pol;19;COM            ;Collectivités d'Outr;collectivites doutre
35807;               ;               ;Tahuata                 ;tahuata                 ;-9.95733445    ;-139.0998712884;107;987            ;Pol;pol;19;COM            ;Collectivités d'Outr;collectivites doutre
35808;               ;98720          ;Taiarapu-Est            ;taiarapu est            ;-17.75329935   ;-149.2344022123;107;987            ;Pol;pol;19;COM            ;Collectivités d'Outr;collectivites doutre
35809;               ;               ;Taiarapu-Ouest          ;taiarapu ouest          ;-17.81075795   ;-149.2492512756;107;987            ;Pol;pol;19;COM            ;Collectivités d'Outr;collectivites doutre
35810;               ;               ;Takaroa                 ;takaroa                 ;-14.44654775   ;-144.9070437834;107;987            ;Pol;pol;19;COM            ;Collectivités d'Outr;collectivites doutre
35811;               ;               ;Taputapuatea            ;taputapuatea            ;-16.8418409    ;-151.4023285   ;107;987            ;Pol;pol;19;COM            ;Collectivités d'Outr;collectivites doutre
35812;               ;98783          ;Tatakoto                ;tatakoto                ;-17.3447122    ;-138.3922597936;107;987            ;Pol;pol;19;COM            ;Collectivités d'Outr;collectivites doutre
35813;               ;               ;Teva I Uta              ;teva i uta              ;-17.7154281    ;-149.4023968447;107;987            ;Pol;pol;19;COM            ;Collectivités d'Outr;collectivites doutre
35814;               ;               ;Tubuai                  ;tubuai                  ;-23.3728599    ;-149.4826240237;107;987            ;Pol;pol;19;COM            ;Collectivités d'Outr;collectivites doutre
35815;               ;               ;Tumaraa                 ;tumaraa                 ;-16.8034692    ;-151.4643798   ;107;987            ;Pol;pol;19;COM            ;Collectivités d'Outr;collectivites doutre
35816;               ;98784          ;Tureia                  ;tureia                  ;-20.82680785   ;-138.5396067110;107;987            ;Pol;pol;19;COM            ;Collectivités d'Outr;collectivites doutre
35817;               ;               ;Ua-Huka                 ;ua huka                 ;-8.91005275    ;-139.5512615473;107;987            ;Pol;pol;19;COM            ;Collectivités d'Outr;collectivites doutre
35818;               ;               ;Ua-Pou                  ;ua pou                  ;-9.4011139     ;-140.0799254736;107;987            ;Pol;pol;19;COM            ;Collectivités d'Outr;collectivites doutre
35819;               ;98735          ;Uturoa                  ;uturoa                  ;-16.7215582    ;-151.4492168   ;107;987            ;Pol;pol;19;COM            ;Collectivités d'Outr;collectivites doutre
35820;               ;98811          ;Belep                   ;belep                   ;-19.70321915   ;163.65478523803;108;988            ;Nou;nou;19;COM            ;Collectivités d'Outr;collectivites doutre
35821;               ;98812          ;Bouloupari              ;bouloupari              ;-21.8629851    ;166.0509591    ;108;988            ;Nou;nou;19;COM            ;Collectivités d'Outr;collectivites doutre
35822;               ;98870          ;Bourail                 ;bourail                 ;-21.5669549    ;165.4968115    ;108;988            ;Nou;nou;19;COM            ;Collectivités d'Outr;collectivites doutre
35823;               ;98813          ;Canala                  ;canala                  ;-21.5204365    ;165.9648423    ;108;988            ;Nou;nou;19;COM            ;Collectivités d'Outr;collectivites doutre
35824;               ;               ;Dumbéa                  ;dumbea                  ;-22.1676665    ;166.4580117    ;108;988            ;Nou;nou;19;COM            ;Collectivités d'Outr;collectivites doutre
35825;               ;98881          ;Farino                  ;farino                  ;-21.6678687    ;165.7752913    ;108;988            ;Nou;nou;19;COM            ;Collectivités d'Outr;collectivites doutre
35826;               ;98815          ;Hienghène               ;hienghene               ;-20.6893694    ;164.9440366    ;108;988            ;Nou;nou;19;COM            ;Collectivités d'Outr;collectivites doutre
35827;               ;98816          ;Houaïlou                ;houailou                ;-21.2787028    ;165.6270461    ;108;988            ;Nou;nou;19;COM            ;Collectivités d'Outr;collectivites doutre
35828;               ;98832          ;Île-des-Pins            ;ile des pins            ;-22.60491185   ;167.46835212806;108;988            ;Nou;nou;19;COM            ;Collectivités d'Outr;collectivites doutre
35829;               ;98817          ;Kaala-Gomen             ;kaala gomen             ;-20.6679308    ;164.3959969    ;108;988            ;Nou;nou;19;COM            ;Collectivités d'Outr;collectivites doutre
35830;               ;               ;Koné                    ;kone                    ;-21.03776795   ;164.91562180544;108;988            ;Nou;nou;19;COM            ;Collectivités d'Outr;collectivites doutre
35831;               ;98850          ;Koumac                  ;koumac                  ;-20.5613596    ;164.2811715    ;108;988            ;Nou;nou;19;COM            ;Collectivités d'Outr;collectivites doutre
35832;               ;98880          ;La Foa                  ;la foa                  ;-21.709921     ;165.8261772    ;108;988            ;Nou;nou;19;COM            ;Collectivités d'Outr;collectivites doutre
35833;               ;               ;Lifou                   ;lifou                   ;-20.93253465   ;167.16586048218;108;988            ;Nou;nou;19;COM            ;Collectivités d'Outr;collectivites doutre
35834;               ;               ;Maré                    ;mare                    ;-21.50375975   ;167.98410814253;108;988            ;Nou;nou;19;COM            ;Collectivités d'Outr;collectivites doutre
35835;               ;98819          ;Moindou                 ;moindou                 ;-21.6924288    ;165.6770199    ;108;988            ;Nou;nou;19;COM            ;Collectivités d'Outr;collectivites doutre
35836;               ;               ;Mont-Dore               ;mont dore               ;-22.2265112    ;166.5255445    ;108;988            ;Nou;nou;19;COM            ;Collectivités d'Outr;collectivites doutre
35837;               ;98800          ;Nouméa                  ;noumea                  ;-22.2745264    ;166.442419     ;108;988            ;Nou;nou;19;COM            ;Collectivités d'Outr;collectivites doutre
35838;               ;98821          ;Ouégoa                  ;ouegoa                  ;-20.344958     ;164.4388081    ;108;988            ;Nou;nou;19;COM            ;Collectivités d'Outr;collectivites doutre
35839;               ;98814          ;Ouvéa                   ;ouvea                   ;-20.40773635   ;166.53643282922;108;988            ;Nou;nou;19;COM            ;Collectivités d'Outr;collectivites doutre
35840;               ;               ;Païta                   ;paita                   ;-22.1311499    ;166.3678601    ;108;988            ;Nou;nou;19;COM            ;Collectivités d'Outr;collectivites doutre
35841;               ;98822          ;Poindimié               ;poindimie               ;-20.9369364    ;165.3342587    ;108;988            ;Nou;nou;19;COM            ;Collectivités d'Outr;collectivites doutre
35842;               ;98823          ;Ponérihouen             ;ponerihouen             ;-21.0719866    ;165.402493     ;108;988            ;Nou;nou;19;COM            ;Collectivités d'Outr;collectivites doutre
35843;               ;98824          ;Pouébo                  ;pouebo                  ;-20.3907632    ;164.5778495    ;108;988            ;Nou;nou;19;COM            ;Collectivités d'Outr;collectivites doutre
35844;               ;98825          ;Pouembout               ;pouembout               ;-21.121706     ;164.896649     ;108;988            ;Nou;nou;19;COM            ;Collectivités d'Outr;collectivites doutre
35845;               ;98826          ;Poum                    ;poum                    ;-20.2316547    ;164.029894     ;108;988            ;Nou;nou;19;COM            ;Collectivités d'Outr;collectivites doutre
35846;               ;98827          ;Poya                    ;poya                    ;-21.3463283    ;165.1590583    ;108;988            ;Nou;nou;19;COM            ;Collectivités d'Outr;collectivites doutre
35847;               ;98882          ;Sarraméa                ;sarramea                ;-21.6399906    ;165.8535314    ;108;988            ;Nou;nou;19;COM            ;Collectivités d'Outr;collectivites doutre
35848;               ;98829          ;Thio                    ;thio                    ;-21.6115836    ;166.2155524    ;108;988            ;Nou;nou;19;COM            ;Collectivités d'Outr;collectivites doutre
35849;               ;98831          ;Touho                   ;touho                   ;-20.7805376    ;165.2328146    ;108;988            ;Nou;nou;19;COM            ;Collectivités d'Outr;collectivites doutre
35850;               ;98833          ;Voh                     ;voh                     ;-20.9499628    ;164.6871864    ;108;988            ;Nou;nou;19;COM            ;Collectivités d'Outr;collectivites doutre
35851;               ;98834          ;Yaté                    ;yate                    ;-22.1593698    ;166.9442699    ;108;988            ;Nou;nou;19;COM            ;Collectivités d'Outr;collectivites doutre
35852;               ;98818          ;Kouaoua                 ;kouaoua                 ;-21.3961813    ;165.8284467    ;108;988            ;Nou;nou;19;COM            ;Collectivités d'Outr;collectivites doutre
35853;               ;               ;Île de Clipperton       ;ile de clipperton       ;10.30364715    ;-109.2163215072;109;989            ;Île;ile;19;COM            ;Collectivités d'Outr;collectivites doutre
